Планета Земля 2,9.5,2016,Justin Anderson,Документальные|Зарубежные|Познавательные,Дэвид Аттенборо," Паря на воздушном шаре над заснеженными вершинами гор, Дэвид Аттеборо рассказывает, что 10 лет назад они уже снимали фильм с таким названием. За довольно продолжительный промежуток времени у съемочной группы появились новые технические возможности и опыт. В новом сериале они покажут нам живой мир планеты Земля по-новому.Мы посетим все уголки Земного шара, проследим сложный путь животных на пути к выживанию. Вараны и крабы, мартышки и беркуты, ирбисы и горные козлы – они такие разные, но все одинаково прекрасны. Бои варанов за самку – битвы гигантов, они готовы биться до смерти, лишь бы выполнить основное свое предназначение – продолжить род. Крабы вышли из моря и живут на суше. Чтобы обзавестись потомством, им нужно пройти долгий путь обратно, в соленые воды. 50 миллионов красных крабов отправляются в опасное путешествие, далеко не всей дойдут.Высоко в горах растет удивительное растение крестовник. На ночь его коробочки закрываются, будто умирая, но с первыми лучами солнца жизнь возвращается.Лишь сильнейшим дано выжить среди величественных гор и в глубинах океана, а наблюдать за историями триумфа жизни нам посчастливится благодаря уникальной работе съемочной группы. ",https://rezka.ag/i/2016/12/12/y095a0f33e6dfzn32z60k.jpg
Наша планета,9.4,2019,Адам Чэпман,Документальные|Зарубежные,Дэвид Аттенборо," В документальном сериале натуралист Дэвид Аттенборо рассказывает о разнообразии животного мира Земли и исследует влияние климатических изменений на способность различных видов к выживанию. Вместе с ведущим зрители побывают в заледенелой арктической тундре, пышных тропических лесах и обширных южно-африканских пустынях. Шоу повествует о чудесах природы, взаимосвязи разных видов животных, влиянии возрастающей популяции людей на планету, а также ответственности, которую несёт человечество за сохранение Земли. ",https://rezka.ag/i/2019/4/9/wf491fa331d57gn55n48u.jpg
Место встречи изменить нельзя,8.9,1979,Станислав Говорухин,Боевики|Приключения|Детективы|Криминал|Русские,Владимир Высоцкий||Владимир Конкин||Сергей Юрский||Виктор Павлов||Наталья Фатеева||Леонид Куравлёв||Светлана Светличная||Александр Белявский||Евгений Евстигнеев||Армен Джигарханян," Криминально-детективный сериал «Место встречи изменить нельзя», в основу которого лег роман братьев Вайнеров «Эра милосердия», рассказывает о непростых рабочих буднях сотрудников уголовного розыска города Москвы сразу же после окончания Великой Отечественной войны.На дворе осень 1945-го года. В центре сюжета опытный сотрудник МУРа – Глеб Жеглов, а также молодой фронтовик по имени Владимир Шарапов, который только пришел работать в отдел по борьбе с бандитизмом. Вместе со своими коллегами главные герои ведут разработку опасной банды, получившей название «Черная кошка». Ее члены промышляют разбойными нападениями на магазины, и каждый раз оставляют после себя трупы, ведь они готовы без всякого сожаления расправиться с каждым, кто встанет на их пути. Сотрудники правоохранительных органов бросают все силы на поимку преступников, но, к большому сожалению, как только оперативникам удается выйти на след кого-нибудь из членов банды, тому каким-то чудом удается ускользнуть. Однажды во время оперативного мероприятия происходит непредвиденное, и Шарапов оказывается в руках бандитов. С этого момента дело приобретает совершенно другой оборот… ",https://rezka.ag/i/2016/1/2/u89bd85428201cz44a65i.jpg
Список Ланъя,9.0,2015,Кун Шэн,Драмы|Боевики|Фэнтези|Зарубежные,Гэ Ху||Лю Тао||Кай Ванг||У Лэй||Чжоу Цици||Виктор Хуан||Цзинь Дун||Гао Синь||Чжан Яньянь||Чжун Вэйхуа," Ожесточенная война, разразившаяся между династиями Северный Вэй и Южный Лянг, стала первым серьезным сражением для 19-летнего Лин Шу, сына генерала Лин Се. Их войскам, усиленным армией Чиян, удалось разбить солдат Вэй, однако политические конкуренты организовали ловушку, в результате которой ослабленные боевые соединения генерала Лин Се были уничтожены. Лин Шу чудом выжил в кровавой бойне, после чего сменил имя и основал Альянс Цзянцзо, как мастер боевых искусств. Но спустя двенадцать лет возмужавший герой возвращается в столицу Лянг, отчаянно желая отомстить за унижения, полученные в прошлом. ",https://rezka.ag/i/2019/7/9/p92f233c9e6fcrs29y90v.jpg
Семнадцать мгновений весны,8.9,1973,Татьяна Лиознова,Драмы|Приключения|Военные|Исторические|Русские,Вячеслав Тихонов||Леонид Броневой||Екатерина Градова||Ростислав Плятт||Олег Табаков||Евгений Евстигнеев||Отто Мелис||Леонид Куравлёв||Константин Желдин||Михаил Жарковский," В основу сюжета многосерийной военной драмы «Семнадцать мгновений весны», снятой кинорежиссером Татьяной Лиозновой, лег одноименный роман известного русского писателя Юлиана Семенова, повествующий о советском разведчике, который был внедрен в правящие органы власти гитлеровской Германии.События картины происходят с середины февраля по конец марта 1945 года, за пару месяцев до того момента, как Германия капитулировала во Второй мировой войне. Главный действующий персонаж картины - штандартенфюрер Макс Отто фон Штирлиц, который работает в рядах Службы безопасности рейхсфюрера СС. Он советский разведчик, и однажды вышестоящее руководство ставит перед ним задачу выяснить, кто из представителей верхних эшелонов власти Третьего Рейха втайне от СССР ведет переговоры о заключении перемирия с Великобританией и Соединенными Штатами. Большинство окружающих даже не догадываются, кем на самом деле является Штирлиц, и только начальник Главного управления имперской безопасности СС Эрнст Кальтенбруннер испытывает подозрения в отношении него. Ему кажется, что именно Штирлиц имеет непосредственное отношения к серьезным провалам нацистов в создании так называемого «оружия возмездия». Кальтенбруннер дает поручение политической полиции Рейха провести в отношении Штирлица тайную проверку, что само собой очень сильно осложняет разведчику жизнь… ",https://rezka.ag/i/2016/3/8/ka6c45208fd10tf20w96b.jpg
Африка,9.0,2013,Катрина Бартлам,Документальные|Зарубежные,Дэвид Аттенборо||Саймон Блэкни||Джеймс Олдред||Катрина Бартлам||Тим Берроу||Andres Bifani||Paul Brehem||Кейт Брум||Kahindi Changawa||Мартин Колбек," Британский телевизионный сериал от BBC Natural History, рассказывающий о жизни диких животных, а также об их местах обитания в Африке.Это новый и свежий взгляд на красоту природного ландшафта, сочетающийся с уникальными и профессиональными съемками. Каждая серия представляет собой невероятно интересную и познавательную историю о том или ином удивительном представителе фауны в сочетании с подробным лекционным и исчерпывающим материалом. Зритель встречает маленьких страусят, идущих с мамой на водопой, общительных черных носорогов и жирафов, ведущих ожесточенные бои. Ящерицы бесстрашно приближаются к логову львов, чтобы поохотиться на летающих насекомых. Забавный шимпанзе в районе бассейна реки Конго ворует мед из пчелиных ульев, используя различные предметы в качестве вспомогательных инструментов. Лесные буйволы, бегемоты, слоны и красные речные свиньи выходят из леса, чтобы позагорать и искупаться. Светящиеся грибы, лысые сороки и серебряные муравьи - сериал пестрит многообразием удивительных обитателей животного мира.Самая первая серия начинается в юго-западной части Африки в Калахари и Намибе. Здесь впервые показаны крупнейшее в мире подземное озеро, а также золотая пещера сома. Помимо позитивной стороны этого научного сериала, съемочная группа не обошла стороной и довольно агрессивные ситуации, связанные со смертями животных. Например, обсуждается гибель умирающего от голода слоненка на равнинах Амбосели, где в течение 50 лет царит сильнейшая засуха. ",https://rezka.ag/i/2016/4/16/tafe1f66b55aads48c69r.jpg
Вернуться в 1988,8.8,2015,Щин Вон-хо,Драмы|Комедии|Мелодрамы|Зарубежные,Ли Хе Ри||Пак По-гом||Ко Гён-пхё||Рю Джун-ёль||Ли Дон-хви||Ан Джэ-хон||Sung-won Choi||Ким Сон Гён||Ли Иль-хва||Ра Ми Ран," В центре сюжета сериала находятся истинные человеческие чувства, которые испытывает главная героиня и трое ее друзей. Док Сон старается отыскать свою любовь, но сделать это не так просто. Пока родной город шумит и бурлит на волне международного спортивного события, простые подростки из Южной Кореи пытаются наладить свою жизнь. Зрителю продемонстрируют несколько сюжетных линий, в которых рассказывается о четырех разных семьях. Молодые люди, находясь в переходном возрасте, еще не уверены в своих чувствах, но вскоре им предстоит сделать нелегкий выбор. ",https://rezka.ag/i/2018/5/12/h14854347b998af22s79u.jpg
История жизни,9.1,2014,Софи Лэнфиар,Документальные|Зарубежные,Дэвид Аттенборо||Dwen Gyimah," Телекомпания ВВС устами известного ведущего Дэвида Аттенборо приглашает зрителя отправиться в увлекательное путешествие, в ходе которого он познакомит нас с различными видами животных. Природа, создавая животный мир, позаботилась о том, чтобы живые существа оставили после себя след. На каждом этапе жизни животные сталкиваются с множеством препятствий, но они гениально сражаются, и предпринимают усилия для того, чтобы заполучить достойного спутника жизни.Инстинкт размножения – самый сильный, животные ищут себе пару, чтобы передать потомству весь генетический багаж, накопленный тысячелетиями – это прямой путь к бессмертию. Но мало произвести малышей на свет, важно, чтобы они оказались жизнеспособными, и сумели с честью пронести, врученную родителями эстафетную палочку. С каждым новым поколением начинается новый этап путешествия по жизни, это великая история, ей нет конца.Удивительные, поражающие воображение кадры охоты колибри за сладким нектаром. А вы знали, что камбала, несмотря на кажущуюся неповоротливость, оказывается на равных в борьбе с осьминогом? Стратегия гепарда, охотящегося за газелью, поражает, самое быстрое млекопитающее в мире наделено еще и колоссальными умственными способностями. Смотрите с детьми, мудрость природы достойна самого пристального внимания. ",https://rezka.ag/i/2016/7/28/s86f99608c680zi59n54x.jpg
Алое сердце / Алые сердца: Корё,8.6,2016,Ким Гю Тхэ,Драмы|Мелодрамы|Фантастика|Зарубежные,Ли Джун-ги||Кан Ха Ныль||Ли Чжи Ын||Сон Дон-иль||Ким Сон Гён||Чи-су||Со Джу-хён||Пак Чи-ён||Кан Ханна||Нам Джу-хёк," Удивительная история любви современной девушки и принца эпохи Корё. Южнокорейская мелодрама радует интересной сюжетной линией и блестящей игрой актеров. Режиссер Ким Гютхэ. В ролях Ли Джунги и Кан Ханыль. Милая барышня попадает в опасный круговорот событий в далеком прошлом. Как она туда попала из 21 века? Во время полного солнечного затмения по необъяснимым причинам девушка совершит путешествие во времени. Здесь начинается настоящая драма за любовь и королевский трон. Наследники престола не способны мирным путем договориться между собой. Юная леди по имени Хэ Су влюбляется в сильного и храброго Ванг Така. Все его недоброжелатели трясутся от страха, пытаются не связываться с ним, иначе их ждет жестокая расправа. Ему необходимо суметь сохранить свой авторитет и репутацию, чтобы стать новым правителем. Сама героиня, после перемещения во времени, вселяется в чужое тело своей предшественницы, которой всего лишь шестнадцать лет. В реальном времени героине исполнилось 25 лет. Девушка попадает в самую гущу событий, впереди страну ждет военный переворот и борьба за власть. Ей предстоит выжить в столь дикой для нее временной эпохе, вжиться в свой новый образ, найти свое место в новом доме. Главное не ошибиться в любви и не разбить свое сердце. Вернется ли она домой? Вдруг после смирения и обретения новой жизни ее телепортирует назад в будущее. Сериал снимают по мотивам китайской драмы «Поразительное на каждом шагу». Это отличный пример современной интерпретации телевизионного шоу. ",https://rezka.ag/i/2016/9/24/mc7112b9422dfto34m18i.jpg
BBC: Планета людей,9.1,2011,Николас Браун,Документальные|Зарубежные,Джон Хёрт," Вы задумывались над тем, что Homo sapiens – это единственный вид, ареал обитания которого простирается от экватора до полярного круга? Причём, так было задолго до того, как возникло понятие «цивилизация». Задолго до того, как появилась наука и технологии. Как получилось у одного вида выжить в столь различных условиях? Это не под силу ни одному другому живому существу. В чём секрет? На это вопрос отвечает сериал телеканала BBC «Планета людей».С точки зрения физиологии возможности человека к выживанию крайне ограничены. Мы далеко не самые сильные, ловкие и быстрые. Мы не защищены ни от холода, ни от жары, как другие представители животного мира. Наши слух, зрение и обоняние совсем не на высоте. Тем не менее, Земля – это планета людей и данный сериал расскажет почему.Глубокое исследование документалистов канала BBC подробно и обстоятельно поведает о том, как удалось человеку выжить в самых отдалённых и неприветливых уголках нашей планеты. Вы будете поражены хитростью и изобретательностью представителей человеческой расы в борьбе за выживание. Ледяные равнины, где замерзает дыхание и северные моря, смертоносные джунгли, кишащие хищниками, ядовитыми тварями и паразитами некоторые народы называют своим домом. Хотите узнать, как это стало возможным – посмотрите этот замечательный сериал. ",https://rezka.ag/i/2016/5/14/o18b705ec8874mj36r26q.jpg
Discovery: Как устроена Вселенная,9.0,2010,Адам Уорнер,Документальные|Зарубежные,Фил Плейт||Майк Роу||Мишель Таллер||Лоуренс Краусс||Мичио Каку||Ричард Линтерн||Hakeem Oluseyi||Дэн Дарда||James S. Bullock||Джофф Марси," Захватывающий научно-популярный сериал «Как устроена Вселенная», созданный телеканалом Discovery, попытается ответить на вопрос, который волновал человечество на протяжении многих лет: как возникла наша Вселенная, и выросла до таких необъятных размеров. Технологический прогресс не стоит на месте, и современные технологии уже достигли такого развития, что позволяют человеку исследовать космос, как никогда раньше. Но как же так получилось, что из маленькой точки Вселенная превратилась в огромный космос. Ни для кого не секрет что Луна, будучи спутником Земли, вращается вокруг нее, а та в свою очередь оборачивается вокруг солнца. Но вокруг чего оборачивается само Солнце? И чем дальше лучшие астрономические умы мира продвигаются в своих исследованиях, тем больше все новых и новых вопросов у них возникает… ",https://rezka.ag/i/2014/9/24/z9c230cfbf60any37b73z.jpg
В ожидании солнца,6.8,2013,Алтан Дёнмез,Драмы|Зарубежные,Керем Бюрсин||Ханде Догандемир||Ягмур Танрисевсин||Исмаил Эге Шашмаз||Эмре Кинай||Гёкче Янардаг||Эбру Айкач||Hasan Sahinturk||Simay Küçüktuna||Эдже Диздар," Спокойная жизнь главных героинь телевизионного сериала «В ожидании солнца» проходит в тихом и уютном городке под названием Гельязы, который по своей территории больше можно отнести к деревне. Здесь у Демет и Зейнеп есть свой небольшой магазинчик, который практически не приносит дохода, но требует невероятных затрат физических и моральных усилий. Зейнеп представляла, что вся жизнь пройдет в этом бесперспективном месте, но внезапно от давней подруги матери приходит неожиданное приглашение.Жале является уважаемым преподавателем в престижном институте Стамбула, и пришел день, когда девушка предложила подруге с дочкой переехать к ней. Жале обещает всячески помогать неопытным провинциалкам, пока девушки не смогут отыскать своей место под солнцем в огромном и шумном мегаполисе. Демет всегда мечтала вырваться из родного захолустья, а если представляется возможность обеспечить наследнице прилежное образование, то тут и думать не о чем.После переезда в Стамбул главные героини столкнутся с массой сложностей и преград, ведь современное городское общество с неохотой принимает в ряды выходцев из удаленных поселков. Пройдет огромное количество времени, пока провинциалки докажут остальным полезность и состоятельность. ",https://rezka.ag/i/2016/7/10/v0df950f91c8bjk59q59f.jpg
Сигнал,8.8,2016,Ким Вон-сок,Триллеры|Драмы|Криминал|Фантастика|Зарубежные,Ли Джэ-хун||Ким Хе-су||Чо Джин-ун||Чан Хён-сон||Чон Хэ-гюн||Ким Вон-хэ||Сон Хён-джу||Чон Сог-ён||Ли Сан-ёп||Со Ын-а," Сериал является фантастической интерпретацией истории, связанной с серией жестоких нераскрытых убийств, которые произошли в Хвасоне с 1986 по 1991 года. Эти ужасные преступления стали не только самыми громкими за всю историю нынешней Южной Кореи, но и самыми масштабными по количеству задействованных стражей порядка, так как на поиски убийцы было поднято около двух миллионов полицейских.Талантливый и очень наблюдательный лейтенант полиции Пак Хэ Ён в детстве стал свидетелем похищения своей ровесницы, которую позже нашли жестоко убитой. Несмотря на то, что полиция пыталась найти молодого человека, по их мнению, ответственного за смерть школьницы, парень еще тогда знал, что убийцей является женщина, но никто из взрослых ему не поверил. По прошествии пятнадцати лет, накануне закрытия дела наш герой случайно находит старую рацию, где он слышит голос детектива Ли Чже Хана, который окончательно убеждает молодого полицейского в своей правоте. Не теряя времени, Пак Хэ Ён отправляется на поиски той самой женщины, которую он видел в детстве. В тот момент наш герой абсолютно не догадывался, что он каким-то невероятным образом разговаривал с человеком из прошлого, и это был их далеко не последний разговор… ",https://rezka.ag/i/2016/5/7/udd139d633155wl25g52f.jpg
Атом,8.7,2007,Тим Усборн,Документальные|Зарубежные,Джим Аль-Халили," «Атом» (Atom) – это познавательный документальный мини-сериал о мире. Ученые сделали ряд уникальных открытий, основанных на том, что все в мире состоит из мельчайших частиц – атомов. Многие люди живут и не задумываются над тем, сколько тайн и загадок скрывает природа. Все, что окружает нас, имеет свою природу возникновения и состоит из атомов. Но мы привыкли относиться ко всему как к чему-то должному и даже не пытаемся что-то познать. Компания BBC предоставляет зрителям уникальный шанс – узнать из чего состоит мир, и какие чудеса он скрывает. Фильм будет интересен тем, кто стремится к саморазвитию. ",https://rezka.ag/i/2015/3/12/p9c95b80973b3bf45u18w.jpg
Умар ибн аль-Хаттаб,9.0,2012,Хэйтем Али,Драмы|Военные|Исторические|Зарубежные,Самер Измаил||Гасан Масуд||Зиэд Туати||Джихад Абду||Мехьяр Хаддур," Религия ислам, так же, как и христианство, во все времена вызывала массу вопросов не только у самих верующих, но и у историков. Существует масса историй, связанных с загадочными личностями пророков, повествующих слово Бога широким массам верующих. Представленная картина «Умар ибн аль-Хаттаб» является одним из произведений, построенных на реальных событиях и жизни наиболее знаменитого халифа, который завоевал репутацию праведника и мудрого советника нескольких поколений исламских правителей.Данный сериал отнюдь не является пропагандистским, в сериях раскрываются исключительно доказанные исторические факты и ситуации, которые преследовали одиозную личность халифа в его праведных скитаниях. Кинопроект снят без нецензурных сцен или каких-либо отступлений, модных в современном кинематографе, так что его будет полезно посмотреть не только взрослым, но и подрастающему поколению. Успевшие оценить сериал зрители отмечают, что все актеры прекрасно справились с поставленной задачей, особенно выделяется исполнитель главной роли, Самер Измаил. Человек полностью отдался во власть религии, приняв на себя тяжелую ношу пророка. Великолепно и зрелищно, именно так можно охарактеризовать данное произведение, снятое в Марокко. ",https://rezka.ag/i/2016/5/21/b091a2704cd02eg70a65i.jpg
Вторая мировая война – день за днём,7.2,2005,Ольга Андрианова,Документальные|Военные|Исторические|Русские,Виктор Правдюк," Многосерийный телевизионный сериал, посвященный крупнейшему вооруженному конфликту за всю историю человечества. Носящая название Вторая мировая война, длившаяся с 1 сентября 1939 по 2 сентября 1945, она разделила мир на две противоборствующие коалиции, вовлекая в противостояние большинство из существовавших тогда стран. За весь срок войны вооруженные столкновения возникали на значительной части территории Земного шара, включая три континента и четыре океана. Это был тяжелейший этап в жизни многих народов, оказавшихся невольными участниками не имеющих аналогов по масштабам кровопролитных боевых действий, результатами которых стали многомиллионные жертвы. Данный фильм подвергает глубокому анализу все ключевые моменты трагического исторического периода с самого первого дня страшной войны, начавшейся с вторжения Германии и Словакии в Польшу. Обращаясь к рассекреченным архивным документам и сопровождаемые редкими кадрами кинохроники, авторы дают свою оценку многим историческим событиям, имевшим место в определенный период войны, как широко известным, так и до недавнего времени не подвергаемым огласке. В целом концепция телефильма заключается в том, что каждому месяцу Второй мировой посвящается отдельная серия, подробно рассматривающая все важные эпизоды за такой короткий, но непременно насыщенный событиями отрезок времени. Благодаря этому создается невероятный эффект погружения в историю и неизбежное осознание того, какими поистине нечеловеческими усилиями была одержана такая долгожданная победа. ",https://rezka.ag/i/2016/5/4/dbce737582e81ze77p51s.jpg
BBC: Величайшие явления природы,9.0,2009,Питер Бассетт,Документальные|Зарубежные,Дэвид Аттенборо||Джо Стивенс||Пол Бейлштейн||Стив Бенжамин||Том Фитц||Майк Холдинг||Роджер Хоррокс||Хасани Иса||Оуэн Ньюман||Дэвид Ричерт," Человек – властелин мира. Мы привыкли к своему величию. Человечество вышло в космос и покорило глубины океанов. Мы меняем и организовываем окружающий мир по своему желанию. Селекция, генная инженерия, техника и технологии, добыча полезных ископаемых – нам всё по силам. Разум наше главное оружие. Что осталось на Земле такого, что мы не знаем или не можем объяснить? Нас нельзя удивить. Мы знаем и можем всё. Если вы действительно так думаете, то создатели фильма «Величайшие явления природы» преподнесут вам сюрприз.Вы увидите организованные процессы грандиозные по своим масштабам, но при этом абсолютно не требующие интеллектуального управления. Сложнейшие природные механизмы функционируют сами по себе. Это кажется невероятным. Как это может происходить без планирования, организации и контроля разума? Тем не менее, это происходит.Канал BBC известен своими документальными фильмами. Пожалуй, нет лучших документалистов, и сериал «Величайшие явления природы» это в очередной раз докажет. Очевидно, что проделана огромная работа. Были отсняты «тонны» материала, чтобы развернуть перед зрителями всеобъемлющее, упорядоченное, красочное повествование. Прекрасный сериал о поражающей созидательной силе природы. ",https://rezka.ag/i/2016/5/14/g01903cc2cb32ra69z53t.jpg
Планеты,9.2,2019,Стивен Кутер,Документальные|Зарубежные,Брайан Кокс," В документальном сериале показывается невообразимое величие и красота каждой из восьми планет Солнечной системы, а также рассказывается о важнейших этапах их формирования, от момента зарождения до наших дней. Наряду с самыми точными фотографиями и данными о последних космических исследованиях, создатели проекта использовали реалистичные компьютерные модели, чтобы наиболее подробно передать захватывающую историю этих миров, насчитывающую 4,5 миллиарда лет эволюционных преобразований. ",https://rezka.ag/i/2019/7/20/pdcc7b9772970cj45r25g.jpg
Внутри,8.0,2016,Улуч Байрактар,Драмы|Мелодрамы|Боевики|Зарубежные,Чагатай Улусой||Арас Булут Ийнемли||Четин Текиндор||Мустафа Угурлу||Нихал Г. Колдаш||Бенсу Сорал||Дамла Джолбай||Йилдирай Сахинлер||Небил Сайин||Мустафа Йилдиран," Сарп – один из лучших студентов полицейской академии, мечтающий стать детективом. Вот только сделать это оказывается не так просто, так как его семья имеет тёмное прошлое. Когда Сарп и его младший братишка Умут были еще детьми, их отца на глазах у малышей и не на шутку испуганной супруги арестовывает полиция, обвиняя в совершении нескольких преступлений и связях с мафией. А через некоторое время внезапно пропадает трёхлетний Умут, которого правоохранители так и не смогла найти.Решив стать полицейским, парень поступает в академию, совершенно не догадываясь о том, что вместе с ним в этом же учебном заведении оказывается его младший брат, которого теперь зовут Мерт. Перед самым выпускным начальник полиции выгоняет Сарпа из академии, в результате чего парень, весьма расстроенный данным событием, наставляет на главу полиции оружие, но, не сумев выстрелить, попадает в тюрьму. Во время отбывания наказания, нашему герою удаётся произвести впечатление на одного из людей влиятельного криминального авторитета, который после освобождения предлагает отчаянному парню работу. Понимая, что ему нечего терять Сарп принимает предложение, абсолютно не догадываясь, что с этого момент он и его брат оказываются по разные стороны баррикад. ",https://rezka.ag/i/2017/10/30/oa384fa52ecaawg13a90t.jpg
Один литр слёз,8.8,2005,Масанори Мураками,Драмы|Мелодрамы|Зарубежные,Эрика Савадзири||Рё Нисикидо||Хироко Якусимару||Таканори Дзиннай||Рико Наруми||Наохито Фудзики||Саори Койдэ||Юма Санада||Ани Миёси||Мацуяма Кэнити," Драматическая японская картина о нелегкой жизни и внезапных поворотах судьбы от режиссера Масанори Мураками. В главных ролях Эрика Савадзири, Ре Нисикидо.Простая японская семья. Простые человеческие взаимоотношения. Родители, которые владеют небольшой лавочкой по продаже тофу, дети, которые всеми силами стараются помочь своей семье и учатся в хорошей школе. Казалось бы, что страшного подготовила судьба этой милой и безобидной семье? Ая – старшая дочь своих родителей, умница и красавица, настоящая гордость мамы и папы, самостоятельно поступила в один из лучших университетов страны. Она всю жизнь мечтала помогать людям, потому и специальность выбрала соответствующую. Вот только за несколько месяцев до отъезда на учебу, мама стала замечать за дочерью странные и пугающие вещи – девушка могла упасть на ровном месте, периодически теряла координацию и стала жаловаться на головные боли. После обследования в больнице выяснилось, что у этой подающей надежды студентки редкое и неизлечимое заболевание, при котором тело полностью перестает слушаться и каждое движение причиняет невыносимую боль. Лечения нет, шансов нет, но девушка старается не сдаваться, проходить мучительные курсы уколов, длительную реабилитацию, и всеми силами пытается побороть свой недуг. Она всегда мечтала помогать людям. После ее смерти опубликовали ее тайный дневник, который Ая вела с 15 лет, и в котором описывала свою жизнь и то, как она хотела жить и боролась с болезнью, несмотря на ежедневную боль и страдания. Эта история помогла многим людям поверить в себя и продолжать лечение, так что Ая выполнила свою миссию. ",https://rezka.ag/i/2016/9/29/rba07d610aad2fl24e44f.jpg
Апокалипсис: Первая мировая война,8.9,2014,Изабель Кларк,Документальные|Военные|Зарубежные,Франсуа Арно||Матьё Кассовиц||Жозеф Жоффр||Эрих Людендорф||Филипп Петен||Вудро Вильсон||Император Карл||Фердинанд Фош||Дуглас Хейг||Джон Дж. Першинг," Документальный драматический сериал французского, канадского и американского производства от режиссеров и сценаристов Даниэля Костеля и Изабель Кларк.Это военная история, состоящая из пяти сложных и тяжелых для неподготовленного зрителя эпизодов. Каждая художественная часть раскрывает подлинную суть хладнокровных и жестоких событий Второй Мировой войны. В фильме использованы современные документы, редкие архивные кадры, тщательно восстановленные и раскрашенные, и хронологические ранее не известные материалы, с помощью которых удалось восстановить подлинную историю ужасов и несправедливостей наступательной войны. Съемочная группа рисковала жизнями, переносила невероятные трудности, чтобы запечатлеть каждый военный момент. Несправедливость, которая делает из обычных парней вооруженного солдата, не приносит ничего хорошего в этот мир. Большие беды, невосполнимые потери и человеческие утраты - результаты правительственного произвола и жестокости. Люди, которые в обычной жизни могли бы стать хорошими друзьями, невзирая на социальный статус и национальную принадлежность, вынуждены по приказу властей хладнокровно и безжалостно убивать друг друга. Наступательная волна - бессмысленное смертоубийство, несущее несчастья и горе. Однако некоторые страны по-прежнему являются сторонниками такого антигуманного урегулирования конфликтов, а правительство всегда будет манипулировать людьми для осуществления своих целей. ",https://rezka.ag/i/2016/5/4/x5081e1b76e71pr23z43m.jpg
Династии,9.2,2018,Саймон Блэкни,Документальные|Зарубежные,Дэвид Аттенборо," Сериал расскажет о королевских пингвинах, шимпанзе, львах, тиграх и гиеновидных собаках – пяти хорошо известных во всем мире животных, популяция которых неумолимо сокращается с каждым годом. Путешествуя от африканских равнин до индийских джунглей, от края Сахары до замерзших пустынь Антарктиды, зрители смогут понаблюдать, как лидеры сражаются с соперниками за свой статус, а родители рискуют жизнями ради спасения детей. Будучи совершенно разными, все животные объединены общей целью – выжить и защитить следующее поколение. ",https://rezka.ag/i/2019/1/17/kf3a64340892dev88h33a.jpg
Любовь напрокат,7.2,2015,Метин Балекоглу,Мелодрамы|Комедии|Зарубежные,Эльчин Сангу||Барыш Ардуч||Салих Бадемчи||Синем Озтюрк||Нергис Кумбасар||Левент Юльген||Осман Акджа||Онур Бююктопчу||Мелисса Гиз Ченгиз||Керем Фиртина," Главный герой Омер молод, обаятелен, умен и богат, набор вполне достаточный, чтобы иметь ошеломляющий успех у представительниц прекрасного пола. Дни напролет он проводит не в тусовках и барах, как многие молодые люди из обеспеченных семей, а в собственном офисе, возглавляя обувную компанию, бизнес процветает, перспективы превосходные. У босса есть помощница Ясемин - умная, интеллигентная девушка, но у них только деловые отношения, начальник пока не собирается обзаводиться семьей.Родственница Омера, заменившая ему родителей, решает, что фундамент благополучия построен, пора парню заняться личной жизнью, у нее на примете и невеста есть – не так давно вернувшаяся из Америки после окончания учебы наследница крупного состояния. Барышня совсем недалекая, на уме лишь шмотки, она уже представила, как будет блистать в свете под руку с прекрасным мужем.Омер, уступив уговорам тетушки, отправляется на свидание с Сезен, щебетавшей весь вечер о своих поклонниках и популярности в соцсетях. Барышня не впечатлила парня, несмотря на привлекательную внешность.Случайно герой познакомился с официанткой Дефне, чтобы отвязаться от навязчивой американки, он целует девушку на глазах у тети. Но родственница не привыкла так просто отказываться от своих идей. ",https://rezka.ag/i/2016/4/18/rb7721457deebeq13r76g.jpg
Долгий путь на юг,8.3,2007,Дэвид Алексаниан,Документальные|Зарубежные,Юэн МакГрегор||Чарли Бурмен||Дэвид Алексаниан||Расс Малкин||Джеймс Саймак||Джим Фостер||Даи Джонс||Нури Ламин||Клаудио фон Планта||Роберт Адамс," Документальный сериал для канала National Geographic, детально освещающий совместное путешествие на мотоциклах известнейшего британского актера Юэна Макгрегора и его старого друга Чарли Бурмана по территории африканского континента. Отметившиеся ранее кругосветным мотопробегом, друзья на этот раз начали свое путешествие с севера Шотландии – городка Джон О'Гротс и закончили его в живописном Кейптауне, на юго-западе Южно-Африканской Республики. В общей сложности они преодолели более 25 тысяч километров, объехав 18 государств Африки, таких как Тунис, Ливия, Судан, Эфиопия, Намибия, Кения и Руанда. Основной целью поездки являлся сбор средств на благотворительность - финансирование детских хосписов в Шотландии, а также привлечение внимания неравнодушных людей к проблемам ряда беднейших африканских стран, где крайне остро стоит проблема отсутствия медикаментов и системы здравоохранения в целом, обыденностью стали стремительное распространение СПИДа, голод и насилие. Актеры вместе со съемочной группой пережили массу событий, были очарованы красотой дикой природы и прониклись огромной симпатией к местному населению, очень открытому и всегда готовому разделить с гостями пусть даже крайне скромную трапезу. Разумеется, не обошлось без нескольких неприятных эпизодов, связанных с болезнью и падениями с верных «железных коней», однако никаких серьезных последствий они не имели. ",https://rezka.ag/i/2016/4/28/uacd07b9c4540hz72n51e.jpg
Хилер / Целитель,8.5,2014,Джин Ву Ким,Боевики|Триллеры|Драмы|Мелодрамы|Комедии|Зарубежные,Ю Чжи Тэ||Чжи Чан Ук||Пак Мин-ён||Ким Ми Кён||О Кван Рок||Пак Сан-мён||Пак Вон Сан||Тае-ми||Пак Сан Вон||Хань Чхоль Джо," Действие остросюжетного южнокорейского сериала начинается с рассказа о том, что в 1980-х годах пятеро товарищей несли гражданскую свободу слова. Поначалу их сотрудничеству ничего не могло помешать, а общая работа только сплотила коллектив, однако несчастная любовь смогла все-таки вбить между командой клин раздора. В конечном итоге некоторые из них трагично погибли и попали в тюрьму. Только один смог выжить и построить успешную карьеру. Далее зритель знакомится с курьером и профессионалом своего дела по имени Хилер, работающим в Сеуле. Он не испытывает недостатка в клиентуре, ведет скрытный образ жизни и втайне мечтает приобрести тихоокеанский остров. Кроме того молодой мужчина является сыном одного из членов той самой пятерки, которые потерпели поражение в начале 90-х годов. Вскоре в его жизни появляется удивительная девушка Чхэ Ен Шин, о которой он должен найти подробнейшую информацию. Она оказалась довольно смелой и бесстрашной, и профессионально вскрывает все виды замков. Однако теряет сознание при виде физического насилия. Девчонка готова пожертвовать всем, что имеет, но при этом спасти своего ближнего. В ходе развития сюжета также фигурирует знаменитый репортер и гроза всех журналистов Пак Мун Хо. Он становится своеобразным путеводителем для главных героев и борется за правду всеми возможными способами. Ребятам предстоит столкнуться с множеством преград и преодолеть сердечную боль. Фильм содержит множество элементов с экшн-сценами, атаками хакеров и романтикой. ",https://rezka.ag/i/2016/5/9/p4fbb97613039uo39u52w.jpg
Топ Гир,8.7,2002,Брайан Клейн,Документальные|Комедии|Зарубежные,Ричард Хаммонд||Джереми Кларксон||Джеймс Мэй||Бен Коллинз||Стиг||Перри МакКарти||Джейсон Дейв||Энди Уилман||Крис Эванс||Мэтт ЛеБлан," Известная британская телепередача «Top Gear» - это одно из самых популярных телешоу рассказывающих об автомобильном мире и всем что с ним связано. Свое существование передача начала еще в далеком 1977 году и на протяжении более чем двадцати лет выходила на экраны в формате телевизионного журнала. Однако чуть больше десяти лет тому назад, ее формат был кардинальным образом изменен, и в 2002 году по телевиденью были показаны первые эпизоды современного «Top Geara», такого как зритель, привык видеть его сейчас – с фирменными тестами и неотъемлемой частью искромётного английского юмора. За годы своего существование телешоу собрало огромную армию телезрителей по всему миру, оставаясь, и по сей день, очень популярным и интересным, в чем очень большая заслуга его ведущих – Джереми Кларксона, Ричарда Хаммонда, Джеймса Мэя, а также водителя Стига, чья личность очень тщательно скрывается. ",https://rezka.ag/i/2018/3/12/s4c0c1f44cc1avd40x31h.jpg
BBC: Голубая планета,9.0,2001,Аластер Фовергилл,Документальные|Зарубежные,Пирс Броснан||Дэвид Аттенборо||Джейсон Робертс," Документальный телевизионный сериал «ВВС: Голубая планета» является наиболее захватывающим кинопроектом от известного американского телеканала, в котором до самых мелочей раскрывается загадочная жизнь обитателей океанских и морских глубин. Несмотря на то, что водная гладь занимает практически две трети поверхности нашей планеты, человечество даже на половину не познало то, что скрывается под водой. Именно этот пробел намереваются заполнить создатели и съемочная группа этой киноленты.Достаточно сложно находится глубоко под водой, т.к. тело человека не приспособлено к высокому давлению, но при помощи высокотехнологического оборудования отважные аквалангисты и умные роботы позволят насладиться созерцанием представителей океанской флоры и фауны. Зрителю будут представлены наиболее редкие и захватывающие кадры из жизни подводных хищников и их жертв, гармония существования растений и рыб, а так же существа, ранее не виданные человеком.Кинопроект состоит из 5 эпизодов, каждый из которых занимает 50 минут. Создателям не удалось уместить в эфирное время и половину отснятого материала, но в кадре будут демонстрироваться наиболее интересные, редкие и удачные фрагменты. Мы побываем в Коралловом море, окунемся в воды Замерзшего моря и спустимся на самое дно великой и таинственной Бездны. ",https://rezka.ag/i/2016/5/21/k3baba9140f8eap63z39t.jpg
"Люди, построившие Америку",8.6,2012,Патрик Римс,Документальные|Исторические|Зарубежные,Кэмпбелл Скотт||Eric Rolland||Тим Гетман||Адам Йонас Сегальер||Рэй Рейнолдс||Джон С. Бэйли||Джон Дау||Джастин Джералд Морк||Рюэл Пендлтон||Алекс Фалберг," Документально-биографический фильм «Люди, построившие Америку» представляет вниманию зрителей истории о самых знаменитых людях, которые приложили массу усилий для того, чтобы воплотить в жизнь мечты миллионов. Форд, Карнеги и Рокфеллер стали теми историческими личностями, заложившими фундамент современной американской государственности, именно они стали первыми прогрессивными новаторами, чьи труды послужили опорой для развивающегося бизнеса.В представленной картине зрителю будут рассказаны исторические факты и известные подробности из жизни и деловой деятельности этих легендарных личностей, дополненные комментариями современных специалистов. Всякие Гейтсы и Джобсы им и в подметки не годятся, они лишь продолжают работать с наследием, которое им досталось от великих предков, и ошибочно считать их основоположниками каких-либо американских устоев и порядков.Состоящий из 8 серий кинопроект освещает то, как знаменитости решались на невероятные поступки, и насколько тесно переплетались их судьбы. Далеко не жажда наживы позволила им добиться успеха, а вера в справедливую работу и то, что именно кропотливый труд сделал из обезьяны человека. Деньги, по их мнению, являлись просто средством достижения целей, но без них, само собой, успеха было добиться очень сложно. ",https://rezka.ag/i/2016/5/14/i2810698b9942sy68s32c.jpg
Подводная лодка,8.9,1985,Вольфганг Петерсен,Драмы|Военные|Зарубежные,Юрген Прохнов||Херберт Грёнемайер||Клаус Веннеманн||Хабертус Бенгш||Мартин Земмельрогге||Бернд Таубер||Эрвин Ледер||Мартин Май||Хайнц Хёниг||Уве Оксенкнехт," Немецкий военный эпос от автора сценария и режиссера Вольфганга Петерсона с Юргеном Прохновым, Клаусом Веннеманном и Хербертом Гренемайером в главных ролях. Фильм был показан в кинотеатрах в качестве телевизионного сериала, а также в нескольких различных версиях домашнего видео.Основное драматическое действие разворачивается во времена Второй Мировой войны и рассказывает вымышленную историю немецкой подводной лодки U-96 и ее экипажа. Заинтересованный зритель видит группу отважных мужчин, которые работают на борту и, как все обычные смертные люди, желают сделать все возможное для своих товарищей и защитить родную страну. Волнительная битва, а также скука от бесплодной охоты – доминантные характеристики событий и мотивов этого военного путешествия. Главный командир в исполнении Прохнова - хладнокровный, справедливый и очень мудрый, доблестный и смелый капитан. Он не теряется в сложных и экстремальных ситуациях, а также не стесняется говорить о некомпетентности более высокопоставленных командных представителей. Чтобы выжить, каждый член экипажа поставлен в безвыходную ситуацию, когда приходится жертвовать моральными принципами и браться за оружие для уничтожения своего противника.Кинокартина является удачной адаптацией немецкого одноименного романа Буххайма, собрала в мировом прокате более восьмидесяти миллионов долларов, и получила восторженные отзывы критиков. «Подводная лодка» считается одним из самых дорогих фильмов в истории немецкого кино. ",https://rezka.ag/i/2016/5/5/x2b27b66a3ed8cu31v97y.jpg
BBC: Мир с высоты птичьего полета,8.5,2011,Джон Даунер,Документальные|Зарубежные,Дэвид Теннант," Документальный фильм, состоящий из нескольких шестидесяти минутных эпизодов, от британского создателя Джона Доунера. С высоты птичьего полета показывается жизнь на шести земных континентах, очаровывая зрителя удивительным, масштабным и захватывающим зрелищем. Сами птицы были сняты с разных углов с помощью сверхлегкого самолета. Стая гусей летит на север, пролетая над Великими равнинами и бизонными битвами, а орлы кружат над медведями с Аляски. Чайки слетаются к озеру Моно, где с раскрытыми ртами ловят мелких мошек. Бакланы наблюдают за стаями акул, дельфинов и китов, которые охотятся за сардинами. С огромной высоты мы видим живописный s-образный остров, состоящий полностью из фламинго, которые принимают участие в одном из самых красивых танцев в мире птиц. Доминиканские чайки изучают поведение и охоту величайшего подводного хищника - белой акулы. На орлиных крыльях зритель сквозь туман пролетает через водопад Виктория и ныряет за рыбой в могучую реку Замбези. Деревенские ласточки и белоснежные аисты ежегодно совершают невероятное путешествие из Южной Африки в Северную Европу. Камеры съемочной группы парят над Венецией и белыми скалами Дувра и Эдинбурга. Величественный Рим манит своим теплом 20 миллионов скворцов. Кондоры парят вдоль Анд, а красный ара исследует сердце Амазонки в компании с колибри и грифами. Зритель также станет свидетелем исследования с необычного ракурса таких мест, как Мачу-Пикчу, Рио-де-Жанейро, Сантьяго, Коста-Рика и другие. ",https://rezka.ag/i/2016/4/20/gbdab1ca91e9eye25c64i.jpg
Прилив,6.8,2013,Али Билгин,Драмы|Мелодрамы|Комедии|Зарубежные,Чагатай Улусой||Серенай Сарикая||Барыш Фалай||Мине Тугай||Танер Олмез||Хазар Эргючлю||Metin Akdülger||Ali Aksöz||Себнем Дёнмез||Murat Aygen," Сериал, который стоит посмотреть. Увлекательная, наполненная стремительно чередующимися событиями картина, где достойные мужчины, всем сердцем преданы красивым женщинам, нежные, искренние девочки мечтают о мужественных мальчиках.Отец Ямана оставил семью, когда он был еще ребенком. Парень, чтобы обеспечить близких, вынужден был учиться и работать. Быть бедным в Турции означает быть абсолютно бесправным. Главный герой чуть не угодил в тюрьму, по причине отсутствия достаточного количества средств, его приятель не справился с управлением автомобилем, а всю вину пытались возложить на Ямана. От неприятностей с законом парня спасает известный адвокат Сераз, у которого есть сын такого же возраста. Он не только защитил Ямана, но и принял в свою семью. Так молодой человек входит в мир, где правят деньги и богатство. Со временем сын адвоката, замкнутый юноша, которого зовут Мерт, и главный герой становятся настоящими друзьями. Молодым людям комфортно вместе, они удачно дополняют друг друга. Здесь Ямана ждет еще один приятный сюрприз – знакомство с девушкой с чудесным именем Мира.Но тайны прошлого просто так не отпускают, удастся ли герою забыть о них и начать новую жизнь? ",https://rezka.ag/i/2016/4/21/h9db616215c91xm46k86f.jpg
Discovery: Во Вселенную со Стивеном Хокингом,8.6,2010,Иэн Риддик,Документальные|Зарубежные,Бенедикт Камбербэтч||Стивен Хокинг||Мелисса Риччи||Кристофер Го," Известный физик-теоретик, профессор Кембриджского университета Стивен Хокинг, известен широким массам своей деятельностью по популяризации науки. Тех, кто знаком с его биографией, восхищает безмерная сила духа и целеустремленность молодого ученого, в возрасте 30 лет получившего страшный диагноз и оказавшегося прикованным к инвалидной коляске. Несмотря на это, он является автором нескольких крупных научных открытий, ведет активный общественный образ жизни, снимается на телевидении и даже совершил полет в невесомости.В новом проекте от Discovery Хокинг делится со зрителями своими мыслями о наиболее волнующих загадках Вселенной. Ученый делает это простым и понятным для всех языком. Есть ли разумная жизнь на других планетах? Что человечество обнаружит на Марсе? Возможны ли путешествия во времени? Хокинг не только освещает современные научные постулаты относительно физики космоса, но и призывает зрителя помечтать вместе с собой о фантастических возможностях человечества и Вселенной.Кстати, озвучивает мысли профессора самый приятный голос Англии, принадлежащий актеру театра и кино Бенедикту Камбербэтчу. ",https://rezka.ag/i/2014/11/8/kfcb30714aa85is21l23a.jpg
BBC: Чудеса Солнечной системы,8.8,2010,Михаэль Лачман,Документальные|Зарубежные|Познавательные,Брайан Кокс||Дон Джулиано||Алан Хилдебранд||Ричард Хувер||Ральф Лоренц||Карл Мюррэй||Кэролин Порко||Джим Райс||Эшли Дейвис||Ник Кайзер," «BBC: Чудеса Солнечной Системы» (Wonders of the Solar System) – это уникальный проект, созданный компанией BBC, рассказывающий об удивительном и загадочном космосе. Многие из нас знают из школьной программы о существовании планет. Мы любуемся звездами и восхищаемся таким явлением как комета. Но космос кажется нам таким далеким, чарующим и недостижимым. Он таит в себе настоящие чудеса и об этом расскажет данный мини-сериал. Теперь любой человек может узнать тайны и загадки Солнечной системы. Для этого всего лишь необходимо посмотреть проект BBC и чудеса станут намного ближе, чем кажется. ",https://rezka.ag/i/2015/3/12/nfcc7570f5085au17a88h.jpg
Лето мыльных пузырей / Летнее желание,6.6,2010,Элсон Чжан,Драмы|Мелодрамы|Зарубежные,Барби Сюй||Huan-Ru Ke||Серена Фан||Мэгги Ву||Коко Цзян||Yao-li Yue||Питер Хо||Стефи Ци||Хуан Сяомин||Мэй-Сиу Лин," Тайваньский драматический сериал режиссера Элсона Чжана, снятый в лучших традициях жанра «дорама» и повествующий о сложных и запутанных отношениях трех главных героев, выступающих в роли своеобразных вершин настоящего любовного треугольника. В центре сюжета телесериала – милая и решительная Инь Ся Мо, выросшая в приемной семье, где ее постарались окружить любовью и заботой новые родители и младший брат. Она учится в престижной школе и пытается строить серьезные отношения с местной знаменитостью, обеспеченным и избалованным Оу Ченом, наследником богатой фамилии. Но в связи с тем, что этот молодой человек обладал характерными для такой ситуации недостатками, связанными со ставшей привычной вседозволенностью, представляя собой, по сути, самовлюбленного эгоиста, их взаимоотношения были далеко не идеальными. И именно в тот момент, когда влюбленная пара переживала очередные трудности, в их жизни буквально вторгается третье действующее лицо, круто изменившее дальнейшую судьбу каждого из них. Речь идет о Ло Си, который, также являясь сиротой, быстро научился использовать свое обаяние и умело манипулировать людьми, добиваясь своих целей. Он хладнокровный и расчетливый хищник, берущий от своих случайных жертв все, до чего может дотянуться, однако он отнюдь не бессердечен и вполне способен испытывать такое прекрасное чувство, как влюбленность. Так начинается поистине безжалостная борьба двух любящих парней, каждый из которых уверен, что это тот самый случай, когда любовь истинная, неповторимая и подобной ей не будет уже никогда. ",https://rezka.ag/i/2016/8/30/y016ac05570f0qw76h14p.jpg
Удивительная миссис Майзел,8.8,2017,Эми Шерман-Палладино,Драмы|Комедии|Исторические|Зарубежные,Рэйчел Броснахэн||Алекс Борштейн||Майкл Зеген||Марин Хинкль||Тони Шэлуб||Бейли Де Янг||Матильда Дауни||Matteo Pascale||Брайан Тарантина||Nunzio Pascale," Мириам Майзел – молодая еврейка, живущая со своим супругом Джоэлом, который считает себя успешным стендап-комиком. Будучи прилежной домохозяйкой, Мириам пытается всячески поддержать мужа и присутствует на всех его выступлениях, но однажды искренне разочаровывается, когда узнает, что Джоэл попросту украл чужую идею для своего лучшего номера.Вскоре, после очередного провального выступления, Джоэл неожиданно сообщает супруге, пытающейся поддержать расстроенного мужа, что у него есть любовница, после чего, поспешно собрав вещи, уходит.Убитая горем девушка, всё еще не понимающая до конца, как такое могло произойти, слегка напивается и отправляется в клуб, где всё это время выступал её супруг. Воспользовавшись моментом, Мириам выходит на сцену, откуда выдаёт удивлённой публике свой откровенный, но весьма забавный монолог о своей нелёгкой судьбе... ",https://rezka.ag/i/2018/12/22/qd71c77226884ch76g57i.jpg
Шоу Фрая и Лори,8.3,1989,Роджер Ордиш,Комедии|Зарубежные,Стивен Фрай||Хью Лори||Дебора Нортон||Джеффри МакГайверн||Ральф Майкл||Ребекка Шеир||Роулэнд Риврон||Яна Шелдон||Джо Унвин||Дэниэл Торндайк," Британская телевизионная комедия из двадцати шести эпизодов, состоящих из каламбурных и юмористических коротеньких скетчей, напичканных типичным английским остроумием. Шоу, благодаря своей оригинальности и лаконичности сюжета, отсылает к легендарному «Монти Пайтон», где также незавуалированно высмеиваются политика, бюрократия, общество и обычные повседневные ситуации. Ум, тонкая сатира, цинизм, презрение к шаблонам и авторитетам - главные продукты шоу, а талантливая игра несравненных Лори и Фрая - визитная карточка каждой серии.Игра слов, характерная для того или иного эпизода, затрагивает семейные ценности, мировые традиции и исторические изменения, затронувшие Великобританию. Под прицел острого юмора попадают Маргарет Тетчер, Джон Мейджор и сама английская королева. Начинающий актер и талантливый игрок на фортепиано и флегматичный добродушный писатель Стивен - такие разные характеры создали феноменальный творческий союз с индивидуальными точками зрения и уникальным видением мира, при этом оставаясь честными и искренними со зрителями. У любого создаваемого ими образа свои собственные манеры и повадки, а к каждому эпизоду авторы подходили с необычайно тщательностью и скрупулезностью, что делает шоу поистине культовым, всемирно любимым и гениальным. Исполнители главных ролей, несмотря на быстрое окончание совместного проекта, дружат и общаются до сих пор, реализуют себя в творческой и театральной деятельности, снимаясь в фильмах и сериалах. ",https://rezka.ag/i/2016/4/15/o4d63bad50ab0cq55t68w.jpg
Кузей Гюней,7.6,2011,Мехмет Ада Озтекин,Драмы|Зарубежные,Кыванч Татлытуг||Бугра Гюльсой||Ойкю Караель||Мустафа Авкиран||Семра Динджер||Онур Озтюрк||Зеррин Текиндор||Бадэ Ишчил||Рыза Коджаоглу||Хазар Эргючлю," Турецкая драма о жизни двух братьев, которые совершенно не похожи друг на друга, но искренне привязаны к своей семье, от режиссера Мехмета Ада Озтекина. В главных ролях Кыванч Татлытуг, Бугра Гюльсой.Эта история проста как сама жизнь. Двое братьев, чьи имена переводятся как Юг(Гюней) и Север(Кузей) настолько разные по характеру, что сложно представить, что на самом деле у них общие родители и кровь. Север – бесбашенный, скандальный и постоянно ввязывающийся во все драки авантюрист, который совершенно не ценит жизнь и никого на всем свете не слушает. Юг, наоборот, очень тихий и спокойный, предпочитающий чтение книг веселым развлечениям. Меж тем братья действительно близки, они искренне любят и всегда стараются поддерживать и выручать из сложных ситуаций друг друга. Что бы ни случилось, на помощь одному брату всегда придет другой. Наверное, так бы и продолжалась эта жизнь, если бы парни не влюбились в одну и ту же девушку, их соседку и школьную подругу, которая оценив ситуацию и поняв, что брак с Севером может быть опасен, решила отдать предпочтение Югу. Спокойная семейная жизнь была для нее предпочтительнее непредсказуемого существования на пороховой бочке. Родители одобрили этот выбор, и дело уже шло к свадьбе, но внезапно на будущую семью обрушилось несчастье – Юг попал в автомобильную аварию, и теперь его обещают отправить в тюрьму. Понимая, что слабый и неконфликтный братец просто не выживет в суровых тюремных условиях, Север берет вину на себя и отправляется по этапу. Заканчивается это тем, что сломленный и ожесточенный мужчина оказывается никому не нужен на свободе. ",https://rezka.ag/i/2016/10/5/qa8da143ec927bh83m11p.jpg
Идиот,8.4,2003,Владимир Бортко,Драмы|Русские,Евгений Миронов||Владимир Машков||Лидия Вележева||Ольга Будина||Инна Чурикова||Олег Басилашвили||Владимир Ильин||Александр Лазарев мл.||Андрей Смирнов||Анастасия Мельникова," Многосерийная драма «Идиот», снятая известным российским кинорежиссером Владимиром Бортко, является экранизацией бессмертного произведения Федора Михайловича Достоевского. Сериал вышел на экраны в 2003 году, и по праву считается едва ли не первым проектом в истории мирового кинематографа, который по деталям максимально приближён к великому роману.История начинается с того, что главный герой, князь Лев Николаевич Мышкин, возвращается на родину из далекой Швейцарии, где он на протяжении долгого времени проходил лечение в одном из медицинских учреждений для душевнобольных. По пути в Петербург, Мышкин волею случая знакомится с попутчиком в лице Парфена Рогожина, приходящего сыном зажиточному купцу, который унаследовал немалое состояние после смерти отца. Тот ему рассказывает о своей сильной любви к Настасье Филипповне, которая в прошлом была содержанкой миллионера Тоцкого. Приехав в город, князь первым делом обращается за помощью к своей дальней родственнице Епанчиной, которая замужем за генералом. Мышкин знакомиться не только со всеми членами ее семьи, но также с генеральским секретарем Ганей Иволгиным, у которого, как оказалось, запланирован брак с той самой Настасьей Филипповной. Увидев впервые ее портрет, князь, как и многие другие мужчины, заражается страстью к ней…  ",https://rezka.ag/i/2016/3/8/v0c917118a0ceuz73u56x.jpg
Энн из Зеленых крыш,8.5,1985,Кевин Салливан,Драмы|Зарубежные,Меган Фоллоуз||Коллин Дьюхёрст||Ричард Фарнсуорт||Патриция Хэмилтон||Мэрлин Лайтстоун||Шулер Грант||Джонатан Кромби||Чармион Кинг||Джеки Барроуз||Розмари Рэдклифф," «Энн из Зеленых крыш» - многосерийный фильм совместного производства США, Германии и Канады. Главную героиню сериала зовут Энн. Маленькой девочке судьба уготовила немало горя, слез и испытаний. В раннем возрасте она осталась без домашнего тепла и ласки. Ее родители жили в небольшом поселке, и когда девчушка была еще крохой, их не стало. Жизненные обстоятельства привели ее в стены детдома. Энн пришлось жить в кругу других сироток, в приюте она чувствовала себя неполноценной личностью. Она отчаянно желала, чтобы кто-то ее удочерил и помог покинуть ненавистные стены, навевающие тоску. Однажды ее желание осуществилось.Девчонку взяла в свой дом многодетная семья. Героиня надеялась, что теперь жизнь наладится, но она ошибалась. Энн нагрузили повседневной тяжелой работой, она трудилась круглыми сутками. В ее обязанности входил уход за маленькими детишками и полевой труд. Кроме того, девочка отвозила пищу на лесопилку, хозяином которой был приемный отец. Однажды глава семейства умер, и его жена решила продать предприятие. Вдова переехала в другой город с родными наследниками, а бедняжку Энн она планировала вернуть обратно в детдом. Героиня прибывала в отчаянии и рыдала от душевной боли, но приемная мамочка была непреклонна в своем решении. Научат ли жизненные перипетии девочку сражаться за счастье? Хватит ли у нее сил на эту борьбу? ",https://rezka.ag/i/2016/3/1/nfe68a3d01245kf84e27m.jpg
